platform,company,board_url,api_url,total_jobs,intern_roles,swe_internships_open,swe_intern_2027,sample_swe_intern
ashby,skydio,https://jobs.ashbyhq.com/skydio,https://api.ashbyhq.com/posting-api/job-board/skydio,124,10,10,1,PhD Autonomy Engineer Intern - Planning & Controls (Reinforcement Learning) | Autonomy Engineer Intern - Computer Vision/Deep Learning Fall 2026 | Middleware Software Engineer Intern - Fall 2026
ashby,zip,https://jobs.ashbyhq.com/zip,https://api.ashbyhq.com/posting-api/job-board/zip,121,3,2,1,"Software Engineer Intern (Fall 2026) | Senior Software Engineer, Internal AI"
ashby,notion,https://jobs.ashbyhq.com/notion,https://api.ashbyhq.com/posting-api/job-board/notion,150,4,1,1,Software Engineer Intern (Fall 2026)
ashby,snowflake,https://jobs.ashbyhq.com/snowflake,https://api.ashbyhq.com/posting-api/job-board/snowflake,414,8,5,0,Software Engineer Intern - Zurich (2026) | Software Engineer Intern - Berlin (2026) | Software Engineer Intern (AI/ML) - 2026
ashby,etched,https://jobs.ashbyhq.com/etched,https://api.ashbyhq.com/posting-api/job-board/etched,101,19,5,0,Infrastructure Intern | Chip Simulation Software Intern | Design Verification Engineer - Internal IP
ashby,lambda,https://jobs.ashbyhq.com/lambda,https://api.ashbyhq.com/posting-api/job-board/lambda,37,7,5,0,Security Engineering Intern - Summer 2026 | AI Research Marketing Intern - Summer 2026 | Data Center Mechanical Engineering Intern - 2026
ashby,openai,https://jobs.ashbyhq.com/openai,https://api.ashbyhq.com/posting-api/job-board/openai,702,6,4,0,"Software Engineer, Cooperative AI | Engineering Manager, Cooperative Systems | Software Engineer, Backend (Cooperative AI)"
ashby,saronic,https://jobs.ashbyhq.com/saronic,https://api.ashbyhq.com/posting-api/job-board/saronic,273,8,3,0,Software Engineer Intern (Fall 2026) | Electrical Engineer Intern (Fall 2026) | Test Engineer Intern (Fall 2026)
ashby,cohere,https://jobs.ashbyhq.com/cohere,https://api.ashbyhq.com/posting-api/job-board/cohere,130,4,3,0,"Machine Learning Intern/Co-op  (Fall, 2026) | Research Internship (Fall, 2026) | Software Engineer Intern (Fall / Winter 2026)"
ashby,perplexity,https://jobs.ashbyhq.com/perplexity,https://api.ashbyhq.com/posting-api/job-board/perplexity,74,4,3,0,Internship - Search Machine Learning Engineer | Internship - Search Machine Learning Engineer | Internship - Search Backend Infra Engineer
ashby,baseten,https://jobs.ashbyhq.com/baseten,https://api.ashbyhq.com/posting-api/job-board/baseten,67,3,3,0,"Software Engineer - Internal Platform | Engineering Manager, Internal Platform | Software Engineer - Billing and Internal Tooling"
ashby,ramp,https://jobs.ashbyhq.com/ramp,https://api.ashbyhq.com/posting-api/job-board/ramp,115,3,2,0,"Software Engineer Internship, Android | Software Engineer, International"
ashby,cerebras,https://jobs.ashbyhq.com/cerebras,https://api.ashbyhq.com/posting-api/job-board/cerebras,104,2,2,0,Software Engineer Internship - Toronto | Software Engineer Internship - Sunnyvale
ashby,physicalintelligence,https://jobs.ashbyhq.com/physicalintelligence,https://api.ashbyhq.com/posting-api/job-board/physicalintelligence,24,2,2,0,Hardware Systems Intern | Research Internships
ashby,weaviate,https://jobs.ashbyhq.com/weaviate,https://api.ashbyhq.com/posting-api/job-board/weaviate,4,2,2,0,Developer Advocate Intern | Applied Research Intern
ashby,elevenlabs,https://jobs.ashbyhq.com/elevenlabs,https://api.ashbyhq.com/posting-api/job-board/elevenlabs,153,1,1,0,Engineering - Internal AI Transformation
ashby,replit,https://jobs.ashbyhq.com/replit,https://api.ashbyhq.com/posting-api/job-board/replit,94,1,1,0,Software Engineering Intern (Summer 2026)
ashby,confluent,https://jobs.ashbyhq.com/confluent,https://api.ashbyhq.com/posting-api/job-board/confluent,49,1,1,0,Staff Software Engineer I - Internal Access Management
ashby,unit,https://jobs.ashbyhq.com/unit,https://api.ashbyhq.com/posting-api/job-board/unit,10,1,1,0,Internal Tools Engineer
ashby,airwallex,https://jobs.ashbyhq.com/airwallex,https://api.ashbyhq.com/posting-api/job-board/airwallex,590,3,0,0,
ashby,crusoe,https://jobs.ashbyhq.com/crusoe,https://api.ashbyhq.com/posting-api/job-board/crusoe,345,5,0,0,
ashby,harvey,https://jobs.ashbyhq.com/harvey,https://api.ashbyhq.com/posting-api/job-board/harvey,295,0,0,0,
ashby,clickhouse,https://jobs.ashbyhq.com/clickhouse,https://api.ashbyhq.com/posting-api/job-board/clickhouse,178,0,0,0,
ashby,sierra,https://jobs.ashbyhq.com/sierra,https://api.ashbyhq.com/posting-api/job-board/sierra,136,0,0,0,
lever,spotify,https://jobs.lever.co/spotify,https://api.lever.co/v0/postings/spotify?mode=json,127,1,0,0,
ashby,decagon,https://jobs.ashbyhq.com/decagon,https://api.ashbyhq.com/posting-api/job-board/decagon,111,0,0,0,
ashby,cursor,https://jobs.ashbyhq.com/cursor,https://api.ashbyhq.com/posting-api/job-board/cursor,110,0,0,0,
ashby,nubank,https://jobs.ashbyhq.com/nubank,https://api.ashbyhq.com/posting-api/job-board/nubank,109,0,0,0,
ashby,plaid,https://jobs.ashbyhq.com/plaid,https://api.ashbyhq.com/posting-api/job-board/plaid,107,1,0,0,
ashby,langchain,https://jobs.ashbyhq.com/langchain,https://api.ashbyhq.com/posting-api/job-board/langchain,106,0,0,0,
ashby,vanta,https://jobs.ashbyhq.com/vanta,https://api.ashbyhq.com/posting-api/job-board/vanta,106,1,0,0,
ashby,formenergy,https://jobs.ashbyhq.com/formenergy,https://api.ashbyhq.com/posting-api/job-board/formenergy,85,0,0,0,
ashby,synthesia,https://jobs.ashbyhq.com/synthesia,https://api.ashbyhq.com/posting-api/job-board/synthesia,78,0,0,0,
ashby,cognition,https://jobs.ashbyhq.com/cognition,https://api.ashbyhq.com/posting-api/job-board/cognition,69,0,0,0,
ashby,redis,https://jobs.ashbyhq.com/redis,https://api.ashbyhq.com/posting-api/job-board/redis,66,2,0,0,
ashby,coderabbit,https://jobs.ashbyhq.com/coderabbit,https://api.ashbyhq.com/posting-api/job-board/coderabbit,64,0,0,0,
ashby,vultr,https://jobs.ashbyhq.com/vultr,https://api.ashbyhq.com/posting-api/job-board/vultr,62,0,0,0,
ashby,deepgram,https://jobs.ashbyhq.com/deepgram,https://api.ashbyhq.com/posting-api/job-board/deepgram,60,0,0,0,
ashby,reflectionai,https://jobs.ashbyhq.com/reflectionai,https://api.ashbyhq.com/posting-api/job-board/reflectionai,55,0,0,0,
ashby,temporal,https://jobs.ashbyhq.com/temporal,https://api.ashbyhq.com/posting-api/job-board/temporal,55,0,0,0,
ashby,drata,https://jobs.ashbyhq.com/drata,https://api.ashbyhq.com/posting-api/job-board/drata,54,0,0,0,
lever,ro,https://jobs.lever.co/ro,https://api.lever.co/v0/postings/ro?mode=json,54,0,0,0,
ashby,amplitude,https://jobs.ashbyhq.com/amplitude,https://api.ashbyhq.com/posting-api/job-board/amplitude,52,0,0,0,
ashby,suno,https://jobs.ashbyhq.com/suno,https://api.ashbyhq.com/posting-api/job-board/suno,52,1,0,0,
ashby,supabase,https://jobs.ashbyhq.com/supabase,https://api.ashbyhq.com/posting-api/job-board/supabase,52,0,0,0,
ashby,writer,https://jobs.ashbyhq.com/writer,https://api.ashbyhq.com/posting-api/job-board/writer,50,0,0,0,
ashby,benchling,https://jobs.ashbyhq.com/benchling,https://api.ashbyhq.com/posting-api/job-board/benchling,46,0,0,0,
ashby,sentry,https://jobs.ashbyhq.com/sentry,https://api.ashbyhq.com/posting-api/job-board/sentry,46,0,0,0,
ashby,factory,https://jobs.ashbyhq.com/factory,https://api.ashbyhq.com/posting-api/job-board/factory,35,0,0,0,
ashby,rho,https://jobs.ashbyhq.com/rho,https://api.ashbyhq.com/posting-api/job-board/rho,33,0,0,0,
ashby,sardine,https://jobs.ashbyhq.com/sardine,https://api.ashbyhq.com/posting-api/job-board/sardine,32,0,0,0,
ashby,fireworksai,https://jobs.ashbyhq.com/fireworksai,https://api.ashbyhq.com/posting-api/job-board/fireworksai,31,0,0,0,
ashby,modal,https://jobs.ashbyhq.com/modal,https://api.ashbyhq.com/posting-api/job-board/modal,31,0,0,0,
ashby,braintrust,https://jobs.ashbyhq.com/braintrust,https://api.ashbyhq.com/posting-api/job-board/braintrust,28,0,0,0,
ashby,workos,https://jobs.ashbyhq.com/workos,https://api.ashbyhq.com/posting-api/job-board/workos,28,0,0,0,
ashby,semgrep,https://jobs.ashbyhq.com/semgrep,https://api.ashbyhq.com/posting-api/job-board/semgrep,26,0,0,0,
ashby,omni,https://jobs.ashbyhq.com/omni,https://api.ashbyhq.com/posting-api/job-board/omni,25,0,0,0,
ashby,sanity,https://jobs.ashbyhq.com/sanity,https://api.ashbyhq.com/posting-api/job-board/sanity,25,0,0,0,
ashby,linear,https://jobs.ashbyhq.com/linear,https://api.ashbyhq.com/posting-api/job-board/linear,23,0,0,0,
ashby,persona,https://jobs.ashbyhq.com/persona,https://api.ashbyhq.com/posting-api/job-board/persona,21,0,0,0,
ashby,warp,https://jobs.ashbyhq.com/warp,https://api.ashbyhq.com/posting-api/job-board/warp,20,0,0,0,
ashby,middesk,https://jobs.ashbyhq.com/middesk,https://api.ashbyhq.com/posting-api/job-board/middesk,19,0,0,0,
ashby,parafin,https://jobs.ashbyhq.com/parafin,https://api.ashbyhq.com/posting-api/job-board/parafin,19,0,0,0,
ashby,render,https://jobs.ashbyhq.com/render,https://api.ashbyhq.com/posting-api/job-board/render,19,0,0,0,
ashby,alchemy,https://jobs.ashbyhq.com/alchemy,https://api.ashbyhq.com/posting-api/job-board/alchemy,18,0,0,0,
ashby,posthog,https://jobs.ashbyhq.com/posthog,https://api.ashbyhq.com/posting-api/job-board/posthog,17,0,0,0,
ashby,runpod,https://jobs.ashbyhq.com/runpod,https://api.ashbyhq.com/posting-api/job-board/runpod,17,0,0,0,
ashby,character,https://jobs.ashbyhq.com/character,https://api.ashbyhq.com/posting-api/job-board/character,16,0,0,0,
ashby,column,https://jobs.ashbyhq.com/column,https://api.ashbyhq.com/posting-api/job-board/column,16,0,0,0,
ashby,phantom,https://jobs.ashbyhq.com/phantom,https://api.ashbyhq.com/posting-api/job-board/phantom,16,0,0,0,
ashby,blacksmith,https://jobs.ashbyhq.com/blacksmith,https://api.ashbyhq.com/posting-api/job-board/blacksmith,14,0,0,0,
ashby,poolside,https://jobs.ashbyhq.com/poolside,https://api.ashbyhq.com/posting-api/job-board/poolside,14,0,0,0,
ashby,lightning,https://jobs.ashbyhq.com/lightning,https://api.ashbyhq.com/posting-api/job-board/lightning,13,0,0,0,
ashby,mintlify,https://jobs.ashbyhq.com/mintlify,https://api.ashbyhq.com/posting-api/job-board/mintlify,13,0,0,0,
ashby,anyscale,https://jobs.ashbyhq.com/anyscale,https://api.ashbyhq.com/posting-api/job-board/anyscale,11,0,0,0,
ashby,llamaindex,https://jobs.ashbyhq.com/llamaindex,https://api.ashbyhq.com/posting-api/job-board/llamaindex,11,0,0,0,
ashby,liquid,https://jobs.ashbyhq.com/liquid,https://api.ashbyhq.com/posting-api/job-board/liquid,9,0,0,0,
ashby,namespace,https://jobs.ashbyhq.com/namespace,https://api.ashbyhq.com/posting-api/job-board/namespace,9,0,0,0,
ashby,railway,https://jobs.ashbyhq.com/railway,https://api.ashbyhq.com/posting-api/job-board/railway,9,0,0,0,
ashby,airbyte,https://jobs.ashbyhq.com/airbyte,https://api.ashbyhq.com/posting-api/job-board/airbyte,8,0,0,0,
ashby,graphite,https://jobs.ashbyhq.com/graphite,https://api.ashbyhq.com/posting-api/job-board/graphite,8,0,0,0,
ashby,infisical,https://jobs.ashbyhq.com/infisical,https://api.ashbyhq.com/posting-api/job-board/infisical,8,0,0,0,
ashby,langfuse,https://jobs.ashbyhq.com/langfuse,https://api.ashbyhq.com/posting-api/job-board/langfuse,8,0,0,0,
ashby,pinecone,https://jobs.ashbyhq.com/pinecone,https://api.ashbyhq.com/posting-api/job-board/pinecone,8,0,0,0,
ashby,resend,https://jobs.ashbyhq.com/resend,https://api.ashbyhq.com/posting-api/job-board/resend,8,0,0,0,
ashby,turbopuffer,https://jobs.ashbyhq.com/turbopuffer,https://api.ashbyhq.com/posting-api/job-board/turbopuffer,8,0,0,0,
ashby,extropic,https://jobs.ashbyhq.com/extropic,https://api.ashbyhq.com/posting-api/job-board/extropic,7,0,0,0,
ashby,moderntreasury,https://jobs.ashbyhq.com/moderntreasury,https://api.ashbyhq.com/posting-api/job-board/moderntreasury,7,0,0,0,
ashby,neon,https://jobs.ashbyhq.com/neon,https://api.ashbyhq.com/posting-api/job-board/neon,7,0,0,0,
ashby,sweep,https://jobs.ashbyhq.com/sweep,https://api.ashbyhq.com/posting-api/job-board/sweep,7,0,0,0,
ashby,gainsight,https://jobs.ashbyhq.com/gainsight,https://api.ashbyhq.com/posting-api/job-board/gainsight,6,0,0,0,
ashby,atlan,https://jobs.ashbyhq.com/atlan,https://api.ashbyhq.com/posting-api/job-board/atlan,5,0,0,0,
ashby,fullstory,https://jobs.ashbyhq.com/fullstory,https://api.ashbyhq.com/posting-api/job-board/fullstory,5,0,0,0,
ashby,gradient,https://jobs.ashbyhq.com/gradient,https://api.ashbyhq.com/posting-api/job-board/gradient,5,0,0,0,
ashby,knock,https://jobs.ashbyhq.com/knock,https://api.ashbyhq.com/posting-api/job-board/knock,5,0,0,0,
ashby,lance,https://jobs.ashbyhq.com/lance,https://api.ashbyhq.com/posting-api/job-board/lance,5,0,0,0,
ashby,lancedb,https://jobs.ashbyhq.com/lancedb,https://api.ashbyhq.com/posting-api/job-board/lancedb,5,0,0,0,
ashby,lightdash,https://jobs.ashbyhq.com/lightdash,https://api.ashbyhq.com/posting-api/job-board/lightdash,5,0,0,0,
ashby,prefect,https://jobs.ashbyhq.com/prefect,https://api.ashbyhq.com/posting-api/job-board/prefect,5,0,0,0,
ashby,stytch,https://jobs.ashbyhq.com/stytch,https://api.ashbyhq.com/posting-api/job-board/stytch,5,0,0,0,
lever,brilliant,https://jobs.lever.co/brilliant,https://api.lever.co/v0/postings/brilliant?mode=json,4,0,0,0,
ashby,doppler,https://jobs.ashbyhq.com/doppler,https://api.ashbyhq.com/posting-api/job-board/doppler,4,0,0,0,
ashby,magiceden,https://jobs.ashbyhq.com/magiceden,https://api.ashbyhq.com/posting-api/job-board/magiceden,4,0,0,0,
ashby,opensea,https://jobs.ashbyhq.com/opensea,https://api.ashbyhq.com/posting-api/job-board/opensea,4,0,0,0,
ashby,continue,https://jobs.ashbyhq.com/continue,https://api.ashbyhq.com/posting-api/job-board/continue,3,0,0,0,
ashby,datafold,https://jobs.ashbyhq.com/datafold,https://api.ashbyhq.com/posting-api/job-board/datafold,3,0,0,0,
ashby,dosu,https://jobs.ashbyhq.com/dosu,https://api.ashbyhq.com/posting-api/job-board/dosu,3,0,0,0,
ashby,greptile,https://jobs.ashbyhq.com/greptile,https://api.ashbyhq.com/posting-api/job-board/greptile,3,0,0,0,
ashby,materialize,https://jobs.ashbyhq.com/materialize,https://api.ashbyhq.com/posting-api/job-board/materialize,3,0,0,0,
lever,15five,https://jobs.lever.co/15five,https://api.lever.co/v0/postings/15five?mode=json,2,0,0,0,
ashby,deel,https://jobs.ashbyhq.com/deel,https://api.ashbyhq.com/posting-api/job-board/deel,1,0,0,0,
ashby,depot,https://jobs.ashbyhq.com/depot,https://api.ashbyhq.com/posting-api/job-board/depot,1,0,0,0,
ashby,ghost,https://jobs.ashbyhq.com/ghost,https://api.ashbyhq.com/posting-api/job-board/ghost,1,0,0,0,
ashby,gruntwork,https://jobs.ashbyhq.com/gruntwork,https://api.ashbyhq.com/posting-api/job-board/gruntwork,1,0,0,0,
ashby,hightouch,https://jobs.ashbyhq.com/hightouch,https://api.ashbyhq.com/posting-api/job-board/hightouch,1,0,0,0,
ashby,vitally,https://jobs.ashbyhq.com/vitally,https://api.ashbyhq.com/posting-api/job-board/vitally,1,0,0,0,
ashby,warpbuild,https://jobs.ashbyhq.com/warpbuild,https://api.ashbyhq.com/posting-api/job-board/warpbuild,1,0,0,0,
ashby,zed,https://jobs.ashbyhq.com/zed,https://api.ashbyhq.com/posting-api/job-board/zed,1,0,0,0,
ashby,airtable,https://jobs.ashbyhq.com/airtable,https://api.ashbyhq.com/posting-api/job-board/airtable,0,0,0,0,
ashby,bolt,https://jobs.ashbyhq.com/bolt,https://api.ashbyhq.com/posting-api/job-board/bolt,0,0,0,0,
ashby,catalyst,https://jobs.ashbyhq.com/catalyst,https://api.ashbyhq.com/posting-api/job-board/catalyst,0,0,0,0,
ashby,clerk,https://jobs.ashbyhq.com/clerk,https://api.ashbyhq.com/posting-api/job-board/clerk,0,0,0,0,
ashby,figure,https://jobs.ashbyhq.com/figure,https://api.ashbyhq.com/posting-api/job-board/figure,0,0,0,0,
ashby,kraken,https://jobs.ashbyhq.com/kraken,https://api.ashbyhq.com/posting-api/job-board/kraken,0,0,0,0,
ashby,marqeta,https://jobs.ashbyhq.com/marqeta,https://api.ashbyhq.com/posting-api/job-board/marqeta,0,0,0,0,
ashby,mercury,https://jobs.ashbyhq.com/mercury,https://api.ashbyhq.com/posting-api/job-board/mercury,0,0,0,0,
ashby,miro,https://jobs.ashbyhq.com/miro,https://api.ashbyhq.com/posting-api/job-board/miro,0,0,0,0,
ashby,raycast,https://jobs.ashbyhq.com/raycast,https://api.ashbyhq.com/posting-api/job-board/raycast,0,0,0,0,
ashby,snyk,https://jobs.ashbyhq.com/snyk,https://api.ashbyhq.com/posting-api/job-board/snyk,0,0,0,0,
ashby,trunk,https://jobs.ashbyhq.com/trunk,https://api.ashbyhq.com/posting-api/job-board/trunk,0,0,0,0,
ashby,vast,https://jobs.ashbyhq.com/vast,https://api.ashbyhq.com/posting-api/job-board/vast,0,0,0,0,
ashby,vercel,https://jobs.ashbyhq.com/vercel,https://api.ashbyhq.com/posting-api/job-board/vercel,0,0,0,0,
ashby,wiz,https://jobs.ashbyhq.com/wiz,https://api.ashbyhq.com/posting-api/job-board/wiz,0,0,0,0,
